{
  "project_info": {
    "project_number": "157536009200",
    "firebase_url": "https://gogodrive-99db1.firebaseio.com",
    "project_id": "gogodrive-99db1",
    "storage_bucket": "gogodrive-99db1.appspot.com"
  },
  "client": [
    {
      "client_info": {
        "mobilesdk_app_id": "1:157536009200:android:d1211508abf0247db0bb35",
        "android_client_info": {
          "package_name": "com.example.godrive"
        }
      },
      "oauth_client": [
        {
          "client_id": "157536009200-ip578p8mo6cf3r3ud4rj0hpn8b5do5tv.apps.googleusercontent.com",
          "client_type": 1,
          "android_info": {
            "package_name": "com.example.godrive",
            "certificate_hash": "76e2e7942af6650a8afc0fc4339ab18e7ff27cd5"
          }
        },
        {
          "client_id": "157536009200-sr44b641e0328pms4uqqju6k1via17fh.apps.googleusercontent.com",
          "client_type": 3
        }
      ],
      "api_key": [
        {
          "current_key": "AIzaSyCsCCiV8_Iki2t3U55oFp-u0wYkYxeOUK8"
        }
      ],
      "services": {
        "appinvite_service": {
          "other_platform_oauth_client": [
            {
              "client_id": "157536009200-sr44b641e0328pms4uqqju6k1via17fh.apps.googleusercontent.com",
              "client_type": 3
            }
          ]
        }
      }
    }
  ],
  "configuration_version": "1"
}